,jday,1973,1974,1975,1976,1977,1978,1979,1980,1981,1982,1983,1984,1985,1986,1987,1988,1989,1990,1991,1992,1993,1994,1995,1996,1997,1998,1999,2000,2001,2002,2003,2004,2005,2006,2007,2008,2009,2010,2011,2012,2013,2014,2015,2016,2017,2018,2019,Average,jday,
14-Nov,318,0,0,0,0,0,0,0,0,0,0,0,0,0,0,0,0,0,0,0,0,0,0,0,0,0,0,0,0,0,0,0,0,0,0,0,0,0,0,0,0,0,0,0,0,0,0,0,0.00,318,14-Nov
15-Nov,319,0,0,0,0,0,0,0,0,0,0,0,0,0,0,0,0,0,0,0,0,0,0,0,0,0,0,0,0,0,0,0,0,0,0,0,0,0,0,0,0,0,0,0,0,0,0,0,0.00,319,15-Nov
16-Nov,320,0,0,0,0,0,0,0,0,0,0,0,0,0,0,0,0,0,0,0,0,0,0,0,0,0,0,0,0,0,0,0,0,0,0,0,0,0,0,0,0,0,0,0,0,0,0,0,0.00,320,16-Nov
17-Nov,321,0,0,0,0,0,0,0,0,0,0,0,0,0,0,0,0,0,0,0,0,0,0,0,0,0,0,0,0,0,0,0,0,0,0,0,0,0,0,0,0,0,0,0,0,0,0,0,0.00,321,17-Nov
18-Nov,322,0,0,0,0,0,0,0,0,0,0,0,0,0,0,0,0,0,0,0,0,0,0,0,0,0,0,0,0,0,0,0,0,0,0,0,0,0,0,0,0,0,0,0.4,0,0,0,0,0.01,322,18-Nov
19-Nov,323,0,0,0,0,0,0,0,0,0,0,0,0,0,0,0,0,0,0,0,0,0,0,0,0,0,0,0,0,0,0,0,0,0,0,0,0,0,0,0,0,0,0,0.6,0,0,0,0,0.01,323,19-Nov
20-Nov,324,0,0,0,0,0,0,0,0,0,0,0,0,0,0,0,0,0,0,0,0,0,0,0,0,0,0,0,0,0,0,0,0,0,0,0,0,0,0,0,0,0,0,0.9,0,0,0,0,0.02,324,20-Nov
21-Nov,325,0,0,0,0,0,0,0,0,0,0,0,0,0,0,0,0,0,0,0,0,0,0,0,0,0,0,0,0,0,0,0,0,0,0,0,0,0,0,0,0,0,0,1,0,0,0,0,0.02,325,21-Nov
22-Nov,326,0,0,0,0,0,0,0,0,0,0,0,0,0,0,0,0,0,0,0,0,0,0,0,0,0,0,0,0,0,0,0,0,0,0,0,0,0,0,0,0,0,0,0.5,0,0,0,0.14,0.01,326,22-Nov
23-Nov,327,0,0,0,0,0,0,0,0,0,0,0,0,0,0,0,0,0,0,0,0,0,0,0,0,0,0,0,0,0,0,0,0,0,0,0,0,0,0,0,0,0,0,0.7,0,0,0,0.21,0.02,327,23-Nov
24-Nov,328,0,0,0,0,0,0,0,0,0,0,0,0,0,0,0,0,0,0,0,0,0,0,0,0,0,0,0,0,0,0,0,0,0,0,0,0,0,0,0,0,0,0,0.5,0,0,0,0.09,0.01,328,24-Nov
25-Nov,329,0,0,0,0,0,0,0,0,0,0,0,0,0,0,0,0,0,0,0,0,0,0,0,0,0,0,0,0,0,0,0,0,0,0,0,0,0,0,0,0,0,0,0.5,0,0,0,0.03,0.01,329,25-Nov
26-Nov,330,0,0,0,0,0,0,0,0,0,0,0,0,0,0,0,0,0,0,0,0,0,0,0,0,0,0,0,0,0,0,0,0,0,0,0,0,0,0,0,0,0,0,0.2,0,0,0,0,0.00,330,26-Nov
27-Nov,331,0,0,0,0,0,0,0,0,0,0,0,0,0,0,0,0,0,0,0,0,0,0,0,0,0,0,0,0,0,0,0,0,0,0,0,0,0,0,0,0,0,0.04,0.5,0,0,0,0.02,0.01,331,27-Nov
28-Nov,332,0,0,0,0,0,0,0,0,0,0,0,0,0,0,0,0,0,0,0,0,0,0,0,0,0,0,0,0,0,0,0,0,0,0,0,0,0,0,0,0,0,0.08,0.6,0,0,0,0.03,0.01,332,28-Nov
29-Nov,333,0,0,0,0,0,0,0,0,0,0,0,0,0,0,0,0,0,0,0,0,0,0,0,0,0,0,0,0,0,0,0,0,0,0,0,0,0,0,0,0,0,0.57,0.9,0,0,0,0.32,0.03,333,29-Nov
30-Nov,334,0,0,0,0,0,0,0,0,0,0,0,0,0,0,0,0,0,0,0,0,0,0,0,0,0,0,0,0,0,0,0,0,0,0,0,0,0,0,0,0,0,0.76,0.9,0,0,0,0.39,0.04,334,30-Nov
1-Dec,335,0,0,0,0,0,0,0,0,0,0,0,0,0,0,0,0,0,0,0,0,0,0,0,0,0,0,0,0,0,0,0,0,0,0,0,0,0,0,0,0,0,0.61,2.2,0,0,0,0.23,0.06,335,1-Dec
2-Dec,336,0,0,0,0,0,0,0,0,0,0,0,0,0,0,0,0,0,0,0,0,0,0,0,0,0.1,0,0,0,0,0,0.4,0,0,0.1,0,0,0,0,0,0,0,0.56,1.8,0,0,0,0.12,0.06,336,2-Dec
3-Dec,337,0,0,0,0,0,0,0,0,0,0,0,0,0,0,0,0,0,0,0,0,0,0,0,0,0.1,0,0,0,0,0,0.8,0.1,0,0.19,0,0.75,0,0,0.03,0,0,0.31,1.3,0,0,0,0.12,0.08,337,3-Dec
4-Dec,338,0,0,0,0,0,0,0,0,0,0,0,0,0,0,0,0,0,0,0,0,0,0,0,0.4,0.1,0,0,0,0,0,1.1,0.1,0,0.28,0,0.77,0,0,0.07,0,0,0.24,1.4,0,0,0,0.13,0.10,338,4-Dec
5-Dec,339,0,0,0,0,0,0,0,0,0,0,0,0,0,0,0,0,0,0,0,0,0,0,0,0.3,0.2,0,0,0,0,0,1.5,0.1,0,0.37,0.1,0.8,0,0,0.1,0,0,0.37,3.2,0,0,0,0.12,0.15,339,5-Dec
6-Dec,340,0,0,0,0,0,0,0,0,0,0,0,0,0,0,0,0,0,0,0,2.1,0,0,0,0.3,0.3,0,0,0,0.8,0,1.5,0.1,0,1.2,0.2,0.82,0,0,0.13,0,0,1.15,2.2,0,0,0,0.13,0.23,340,6-Dec
7-Dec,341,0,0,0,0,0,0,0,0,0,0,0,0,0,0,0,0,0,0,0,1.9,0,0,0,1.3,0.4,0,0,0,1.4,0,1.5,0.1,0,1.91,0.29,0.92,0,0,0.17,0,0,1.43,2.1,0,0,0,0.6,0.29,341,7-Dec
8-Dec,342,0,0,0,0,0,0,0,0,0,0,0,0,0,0,0,0,0,0,0,2.7,0,0,0,2.3,0.4,0,0,0,1.6,0,1.5,0.1,0,2.62,0.42,0.99,1.52,0.02,0.53,0.15,0,1.76,2.3,0,0,0,1.35,0.41,342,8-Dec
9-Dec,343,0,0,0,0,0,0,0,0,0,0,0,0,0,0,0,0,0,0,0,2.4,0,0,0,2.5,0.4,0,0,0,1.7,0,1.5,0.2,0,2.51,0.52,1.06,1.49,0.04,0.85,0.16,0,3.13,2.7,0,0,0,1.63,0.46,343,9-Dec
10-Dec,344,0,0,0,0,0,0,0,0,0,0,0,0,0,0,0,0,0,0,0,1.9,0,0.1,0,2.7,0.4,0,0,0,1.9,0,1.5,0.4,0,2.37,0.62,1.1,1.45,0.21,1.15,0.32,0,4.25,1.9,0,0,0,1.33,0.48,344,10-Dec
11-Dec,345,0,0,0,0,0,0,0,0,0,0,0,0,0,0,0,0,0,0,0,1.3,0,0.1,0,2.9,0.4,0,0,0,2,0,1.4,0.5,0,2.24,0.71,1.4,1.4,0.38,1.41,0.68,0,6.93,1.9,0,0,0.42,1.49,0.57,345,11-Dec
12-Dec,346,0,0,0,0,0,0,0,0,0,0,0,0,0,0,0,0,0,0,0,1.2,0,0.1,0,3.1,0.5,0,0,0,2.2,0,1.4,0.7,0,2.1,0.71,1.63,1.73,0.55,1.67,0.41,0,7.08,1.3,0,0.27,0.46,1.49,0.59,346,12-Dec
13-Dec,347,0,0,0,0,0,0,0,0,0,0,0,0,0,0,0,0,0,1.5,0,1.1,0,0.1,0.1,3.3,0.7,0,0,0,2.4,0,1.2,0.8,0,2.23,0.68,1.86,1.98,0.72,1.92,0.44,0.04,9.89,1.2,0,0.5,0.72,1.38,0.73,347,13-Dec
14-Dec,348,0,0,0,0,0,0,0,0,0,0,0,0,0,2.2,0,0,0.9,2.5,0,1.1,0,0.1,0.1,3.5,0.8,0,0,0,2.5,0,1,1,0.2,2.35,0.66,2.13,2.21,0.88,2.17,0.3,0.07,10.57,1.3,0,0.66,2.53,1.27,0.91,348,14-Dec
15-Dec,349,0,0,0,0,0,0,0,0,0,0,0,0,0,4.6,0,0,0.9,3.5,0,1.2,0,0,0.1,3.7,0.9,0,0,0,3.1,0,0.7,1.1,0.4,2.48,0.56,2.35,2.45,1.09,3.46,0.32,0.22,8.89,1.2,0,1.54,2.53,1.16,1.03,349,15-Dec
16-Dec,350,0,0,0,0,15.9,0,0,0,0,0,0,0,0,6.2,0,0,0.9,4,0,1.3,0,0,0.1,3.9,0.9,0,0,0,3.8,0,0.6,1.2,0.6,2.48,0.46,2.54,3.74,1.28,4.62,0.31,0,13.48,1.4,0,3.7,2.63,1.29,1.65,350,16-Dec
17-Dec,351,0,0,0,0,16.5,0,0,0,0,0,0,0,0,8,0,0,1,13.1,0,1.6,0,0,0.1,4.1,0.9,0,0,0,4.5,0,0.6,1.2,1.2,2.48,0.34,2.74,4.77,1.43,3.54,0.45,0,14.43,1.2,0,4.21,2.78,0.99,1.98,351,17-Dec
18-Dec,352,0,0,0,0,16.8,0,2.5,0,0,0,0,0,0,9.7,0,0,1.1,14.9,0,1.8,0,0,0.2,4.2,0.8,0,0,0,5.1,0,0.6,1.2,1.8,2.48,0.18,2.58,5.79,1.68,11.85,0.43,0.04,13.09,1.2,0,2.63,1.45,1.01,2.26,352,18-Dec
19-Dec,353,0,0,0,0,17.1,0,2.2,0,0,0,0,0,0,11.5,0,0,1.3,16,0,2.1,0,0,0.2,4.4,0.7,0,0.1,0,5.8,0,0.6,1.3,2.4,2.46,0.22,2.42,8.36,1.88,3.03,0.24,0.08,13.07,5.3,0,4.01,0.96,1.03,2.34,353,19-Dec
20-Dec,354,4.5,0,0,0,17.4,0,1.9,0,0,0,0,5,0,13.2,0,0,1.3,17.1,0,2.3,0,0,0.2,4.5,0.5,0.1,0.3,0,6.5,0,0.9,1.4,2.9,2.48,0.24,2.19,10.32,2.08,5.71,0.25,0.11,12.5,5.2,0,4.64,1.27,1.03,2.76,354,20-Dec
21-Dec,355,5.2,0,0,0,17.7,2.6,1.5,0,0,1.1,0,5.6,0,14.9,0,0,1.2,18.5,0,2.3,0,0,0.2,4.7,0.3,0.2,0.4,0,7.1,0,1.1,1.4,3.1,4.37,0.27,2.5,12.18,2.27,8.61,0.2,0.21,12.32,3.2,0,4.95,2.26,1.04,3.10,355,21-Dec
22-Dec,356,5.5,0,0,0,17.9,3.4,1.2,0,0,1.3,0,6.1,0.1,14.9,0,0,1.1,19.7,0,2.2,0,0,0.2,4.9,0.1,0.2,0.5,0.8,8.6,0,1.3,1.5,3.2,6.25,0.29,2.77,14.05,2.19,6.06,0.21,0.21,12.33,1.2,0,3.36,2.41,0.34,3.17,356,22-Dec
23-Dec,357,5.8,0,0,5.5,17.9,3.9,0.8,0,0,1.5,0,6.6,1.1,14.5,0,0,0.9,21.5,0,2.3,0,0.3,0.1,4.9,1,0.3,0.7,1.6,10,0,1.6,1.6,3.2,6.15,0.31,3.01,14.98,2.08,5.04,0.2,0.31,12.6,1.1,0,2.24,2.5,1.68,3.44,357,23-Dec
24-Dec,358,6.2,0,0,6.9,20.3,4.4,0.5,0,9.5,1.7,0,7.1,2,14.2,0,0,1.1,23.1,0,2.4,0,0.7,0.2,5,1.8,0.3,0.8,2.4,11.4,0,1.8,1.7,5,5.97,0.32,3.23,15.87,1.94,4.59,0.93,0.47,13.23,1,0,2.34,2.92,1.73,3.99,358,24-Dec
25-Dec,359,6.5,0,0,7.3,21.7,5,0,0,12.8,1.8,0,7.6,2.9,13.8,0,0,1.2,24.9,0,2.3,0,1,0.2,5,2.7,0.4,0.9,2.6,12.8,0.4,1.9,1.8,6.6,5.76,0.33,3.24,16.55,2.11,4.61,0.87,0.94,22.31,1.2,0,2.34,3.4,0.96,4.52,359,25-Dec
26-Dec,360,6.8,0,0,8.6,23.1,5.6,2.3,0,14.7,2,0,8.1,3.1,13.5,0,0,2.2,26.6,0,2.3,0.2,1.4,0.2,5.8,2.7,0.4,1.2,2.8,14.4,0.9,2.1,1.7,8.1,5.48,0.27,3.22,14.43,2.21,5.35,0.5,0.99,16.45,1.4,0,1.46,4.7,1.67,4.72,360,26-Dec
27-Dec,361,7.2,0,0,9.9,24.4,6.1,3.7,0,16.6,2.1,0,8.6,4,13.1,2.7,0,2.5,28.3,0,2.2,0.3,3,0.2,6.5,2.8,0.5,1.4,3,15.6,1.3,2.1,1.6,9.6,4.93,0.2,3.15,12.35,2.31,4.2,0.22,1.02,16.93,1.3,0,2.2,7.77,2.45,5.13,361,27-Dec
28-Dec,362,7.4,0,0,11.2,25.9,6.6,5.1,0,18.6,2.3,0.2,9.9,1.1,12.4,6.4,0,2.8,29.4,0.6,2,0.6,4.6,0.1,8,2.9,0.5,1.7,3.2,16.9,1.5,2.1,1.5,8.4,4.33,0.12,3.86,10.13,2.37,8.11,0.34,1.24,10.97,2.5,0,2.08,10.54,1.63,5.45,362,28-Dec
29-Dec,363,10.7,0,0,11.6,27.3,7.3,6.3,0,20.5,2.5,0.4,10.5,3.3,14.4,6.4,0,3.7,30.6,0.7,1.9,0.6,6.1,0.1,9.6,3,0.6,1.9,3.5,19.8,1.6,2.1,1.3,7.1,3.62,0.15,4.53,7.37,2.88,8.57,1.45,2.39,11.02,4.7,0.01,2.24,14.66,2.06,6.07,363,29-Dec
30-Dec,364,9.6,0,0,8.5,28.7,7.7,7.7,0,22.4,2.5,0.5,11.2,4.9,15.7,5.4,0,4.6,31,0.9,1.7,0.7,7.4,0.1,9.5,5.2,0.7,2.6,3.9,22.8,1.8,2.1,1.4,5.6,3.67,0.17,5.11,9.01,3.29,7.24,1.51,1.97,11.58,8,0.07,2.11,12.41,2.72,6.37,364,30-Dec
31-Dec,365,8.5,1.1,0,8.6,30.5,8.2,9.1,0,24.5,2.5,0.7,11.8,6.4,17,4.5,0,4.9,31.3,1.7,1.8,0.8,8.9,0.1,9.4,7.4,1.2,3.3,4.2,25.6,1.9,2.3,1.5,5.1,3.77,0.16,5.71,10.33,3.68,6.14,1.32,1.89,16.7,8.2,0.16,2.33,17.69,2.99,7.02,365,31-Dec
1-Jan,1,7.4,5.2,0,8.7,31.8,8.7,10.5,0,26.4,2.5,0.8,12.5,7.9,18.2,3.6,0,5.2,31.2,2.5,1.6,0.8,10.2,0.1,9.4,9.6,1.7,4,4.4,28.3,2.6,2.6,1.5,4.6,3.77,0.19,5.41,11.63,5.63,3.49,1.33,1.41,18.62,9.3,0.38,2.34,19.17,3.27,7.55,1,1-Jan
2-Jan,2,6.3,7.4,1.6,8.7,33.1,9.2,15.6,3.5,28.3,2.5,0.9,13.1,9.4,19.6,3.6,0,5.9,31.2,3.3,1.4,0.8,11.6,0.1,10.5,9.6,2.2,6,4.5,26.8,3.1,2.8,1.6,4,3.75,0.13,5.06,13.23,7.15,4.1,1.23,2.56,25.02,9.7,0.35,2.97,19.21,5.38,8.32,2,2-Jan
3-Jan,3,8.6,9.9,1.8,8.7,34.3,9.6,18.4,3.9,30.2,2.5,1.1,13.7,11,20.8,2.6,2.5,6.8,31.1,3.3,1,0.8,12.9,0.8,11.6,9.5,1.9,8,4.6,24.9,3.7,3.9,1.7,3.3,3.45,0.06,4.61,14.46,8.66,8.91,3.01,2.66,31.5,11.4,0.36,3,21.33,5.37,9.19,3,3-Jan
4-Jan,4,10.1,12.2,1.9,8.7,35.6,10,21.6,4,32.2,2.5,1,13.8,12.4,22.1,2.7,8,7.7,29.9,3.3,0.9,1.9,13.5,1.4,13,9.4,1.6,9.8,4.7,23.1,3.5,5.2,1.8,5.7,3.12,0,4.39,15.6,10.17,11.8,3.13,2.26,19.21,14.8,1.16,3.64,20.93,3.8,9.68,4,4-Jan
5-Jan,5,12.4,14.7,2.1,8.7,36.9,11.2,24.5,4.2,34.1,4.7,0.8,13.7,14,20.6,2.7,12,8.8,28.7,4.5,0.4,2.7,13.9,2,14.4,9.3,1.2,11.8,4.4,21.5,3.4,6.3,1.9,7.7,2.6,0,4.13,16.74,11.67,7.45,2.44,2.85,18.15,16.2,1.31,6.75,27.94,2.46,10.40,5,5-Jan
6-Jan,6,14.8,16.9,2.3,8.7,37.9,11.7,27.7,4.4,36,6.3,0.7,13.6,15.1,19.2,2.8,16,9.9,29.2,10.8,0.4,3.9,14.4,2.5,15.9,9.4,0.9,12.8,4,20.1,3.1,7.4,4.6,9.7,3.13,0.01,3.76,17.8,15.06,10.45,2.07,3.01,23.86,17.4,1.84,12.65,29.53,2.69,11.60,6,6-Jan
7-Jan,7,17.1,19.4,2.5,15,40.9,12.3,30.5,4.6,37.9,7.9,0.6,13.4,15.8,17.6,2.8,19.7,10.6,29.6,13.1,0.4,6.4,14.8,2.8,17.5,9.6,0.7,13.7,3.6,18.5,2.9,6,7.1,10,3.59,0.01,3.29,18.62,15.11,9.51,1.42,2.97,30.53,22.5,1.08,13.29,23.56,2.69,12.41,7,7-Jan
8-Jan,8,18.7,21.7,2.7,17.6,43.3,13,33.6,4.7,39.1,9.4,0.5,13.4,16.6,16.1,2.9,23.7,11.5,30.3,13.5,0.5,8.9,15.7,2.9,19.1,9.7,0.5,14.6,4.3,16,3.2,4.7,9.6,10.4,4.03,0.01,3.14,19.27,14.7,12.19,1.28,2.24,32.93,17.1,0.67,12.62,21.82,2.28,12.92,8,8-Jan
9-Jan,9,17.4,24.2,2.5,19.4,45.8,13.6,34.8,4.8,39.6,11,0.3,13.2,17.4,14.6,3,27.7,11.4,31.1,14,0.6,10.1,16.6,3.2,20.7,9.9,0.3,14.7,5,17.3,3.4,3.2,9.7,10.6,4.42,0.24,2.92,19.12,14.15,13.31,2.37,2.06,36.21,17.6,0.98,15.01,14.26,2.77,13.34,9,9-Jan
10-Jan,10,21,26.4,4.5,21.3,48.1,14.1,35.6,5.3,40.2,12.5,0.2,12.5,18.2,13.2,3,31.7,12.1,31.8,14.5,0.6,9.8,17.5,3.5,22.2,10.2,1.5,14.7,5.7,18,3.6,5,9.9,10.7,3.96,0.46,2.63,19.03,14.85,14.79,1.64,1.67,35.84,19,1.48,15.01,15.07,3.54,14.01,10,10-Jan
11-Jan,11,21.7,25.5,6.2,23.2,50.5,14.7,36.1,5.6,40.7,14.1,0,14.5,19,10.7,4.1,29.4,12.9,31.9,14.9,0.6,10.6,19,3.9,23.8,10.4,2.9,14.8,6.3,18.7,3.3,6.5,9.9,11.3,3.45,0.69,2.91,18.68,16.03,20.35,1.35,1.95,24.66,22.7,3.62,14.41,11,5.77,14.34,11,11-Jan
12-Jan,12,21.8,24.3,7.8,25.9,52.8,19.6,36.6,5.9,41.3,19.9,2.6,16,19.8,12.1,4.7,27,12.7,32.1,16,0.8,11.9,20.2,3.8,25.4,10.7,4.1,14.8,7,20,3,8.1,10.1,11.6,2.88,1.19,3.48,17.97,16.87,14.75,1.66,2.09,20.85,24.3,4.15,14.87,10.93,6.31,14.92,12,12-Jan
13-Jan,13,21.7,23.3,9.4,27.7,56.9,23.2,37.1,6.3,41.8,24.1,4.2,17.4,19.9,12.9,5.6,24.7,12.6,32.3,17,1.8,13.3,20.8,3.8,23.4,10.7,5.4,17.5,7.7,21.1,2.7,9.6,12.2,12,2.89,1.65,3.74,20.54,12.67,16.48,3.09,1.91,12.64,27.1,6.23,13.26,21.13,7.1,15.73,13,13-Jan
14-Jan,14,21.8,22,11,27.7,59.6,26.8,37.9,6.6,41.9,28.3,6,18.9,19.9,13.7,6.4,22.5,12.4,32.4,16.8,2.5,13.8,21.4,3.8,21.5,10.6,7.8,20.3,8.4,22.4,2.3,10.6,14.1,13.2,2.88,2.11,4.03,22.63,13.14,17.93,3.64,2.61,13.19,27.6,5.91,13.65,25.14,8.88,16.52,14,14-Jan
15-Jan,15,22.5,21,12.7,27.7,62.5,30.4,37.9,6.9,44.7,32.3,7.7,20.2,20,14.6,7.3,20.2,12.1,30.7,15.8,3.4,14.4,22,3.8,19.5,10.6,10.1,23,8.6,23.5,2.4,11.4,15.9,14.4,2.87,2.55,5.32,24.61,12.44,14.73,4.52,1.86,15.57,17.9,4.32,13.63,23.52,7.54,16.83,15,15-Jan
16-Jan,16,22.5,19.9,14.3,27.8,65.5,34.1,37.5,7.2,46.5,36.6,9.4,21.7,20,15.5,8,17.8,12.3,28.9,14.9,5.4,15,22.6,3.8,21.5,13.9,12.5,20.1,8.8,19.8,2.4,12.3,15.8,15.6,2.82,3.06,6.52,27.26,11.7,16.11,6.11,3.81,13.94,19.2,5.05,15.51,26.33,9.09,17.55,16,16-Jan
17-Jan,17,20.3,18.1,15.8,27.8,68.4,37.6,36.9,7.3,47.8,40.7,11.1,23.1,20.1,16.3,7.5,14.5,12.5,30.4,14,7.3,15.5,23.1,3.8,23.3,17.1,12.3,17.2,9,16.2,2.5,14.2,15.8,16.7,3.99,3.55,7.96,29.3,10.95,20.06,4.14,3.93,14.06,18.7,10.91,15.59,25.06,10.99,18.10,17,17-Jan
18-Jan,18,18.3,18.4,17.1,27.9,71,41.3,36.3,7.3,49.4,44.9,12.8,24.5,20.1,17.2,9.5,14.6,12.6,26.3,13.1,8.6,15.3,23.3,3.7,19.8,20.3,12.2,14.2,9.2,12,2.9,16.1,15.6,17.4,4.89,3.97,9.43,31.16,10.21,19.12,6.46,7.39,25.75,19.6,12.98,18.2,18.71,10.33,18.72,18,18-Jan
19-Jan,19,16.3,18.4,18.6,27.9,73.9,39.4,35.8,7.2,50.8,44.2,12.6,23.9,20.1,17.7,10.8,14.5,11.6,22.2,12.7,9.9,13.5,23,3.8,16.2,23.4,12,11.2,11.5,14.4,3.3,18,15.1,17.9,5.75,5.36,10.69,33.01,9.2,19.46,8.21,6.91,25.75,19.1,14.7,9.46,16.57,14.46,18.61,19,19-Jan
20-Jan,20,14.1,18.5,20,27.9,74.2,37.4,35.2,7.2,52.6,43.5,12.3,23.1,21,18,12.1,14.4,10.8,21.3,11.9,12.1,11.9,26.7,4.1,20.4,21.8,11.8,11.3,13.8,16.4,3.8,19.9,17.8,18.3,6.22,6.68,12,32.53,10.46,23.23,16.45,7.73,23.71,19.7,17.96,8.96,11.05,17.92,19.18,20,20-Jan
21-Jan,21,12.1,18.4,21.5,26.9,74.4,35.5,34.6,7.2,53.8,42.7,12,22.3,21.4,18.3,13.4,14.3,10.4,19.8,12.9,13.9,11.9,30.3,4.3,24.5,20.2,12.1,11.4,16,18.3,4.2,19.8,19.7,21.3,6.64,7.87,13.26,31.63,11.28,21.64,16.72,9.35,32.86,20.1,19.27,9.2,11.2,17.53,19.80,21,21-Jan
22-Jan,22,10,18.5,22.9,25.3,74.6,33.7,32.6,7.1,50.7,42,11.8,21.4,21.9,18.6,14.8,14.2,10,21,13.9,15.6,11.9,29.9,4.6,28.8,18.5,12.3,11.5,15.9,20.3,3.9,19.8,21.6,24.1,7.02,9.09,13.8,30.16,11.59,23.74,13.94,14.72,38.7,14.6,18.64,9.15,11.21,19.25,20.00,22,22-Jan
23-Jan,23,8,18.2,24.3,24.3,74.9,31.8,31.6,7.1,47.1,41.2,11.5,20.6,22.4,19,16.1,14.1,9.4,20.9,14.6,16.7,11.5,29.5,4.9,24.9,22.5,12.6,11.1,15.7,18.9,3.7,19.7,23.3,26.8,7.29,10.16,14.16,32.51,11.54,23.7,11.01,14.54,37.71,12.9,17.17,9.52,12.55,18.61,19.86,23,23-Jan
24-Jan,24,10.4,17.6,24.9,23.4,75.1,29.8,30.5,7,44,40.5,11.2,19.2,22.9,19.3,17.4,13.8,10.1,20.9,16.3,17.8,11,29,5.2,20.8,26.4,13,10.9,15.6,17.5,3.4,19.9,24.9,29.4,7.2,11.02,14.4,34.02,11.35,26.84,9.7,19.87,36.38,17.5,17.36,9.57,11.64,18.72,20.13,24,24-Jan
25-Jan,25,12.8,17.1,25.6,22.5,75.4,27.3,29.4,10.9,40.8,39.4,10.8,19.8,23.3,19.5,17.8,14.3,10.8,20.5,17.8,19.1,11.8,35.3,5.5,17,30.4,13.5,10.5,15.4,16.2,3.6,20.2,26.5,28.2,7,11.9,15.38,35.3,10.92,26.9,11.17,19.42,25.33,21.4,11.05,10.29,14.83,25.73,20.22,25,25-Jan
26-Jan,26,15.3,16.5,26.2,20.9,75.5,28.4,28.3,13.8,37.7,40.4,12.4,20,23.7,21.7,17.5,14.7,10.6,20.1,18.3,20.5,12.2,41,6.1,13.1,34.3,14,10.2,19.3,17.7,3.8,20.5,27.6,26.8,6.78,13.26,16.39,36.71,12.07,21.47,10.31,17.96,29.72,21.5,11.4,10.53,12.33,26.63,20.64,26,26-Jan
27-Jan,27,17.6,16,26.8,16,75.4,29.4,27.2,16.8,34.1,41,13.5,20.3,24.9,23.2,17.8,15.1,10.5,19.2,18.6,20.5,12.6,40.6,6.7,12.8,28.4,14.4,10.2,23.2,19,4,20.6,28.6,25.4,6.96,14.46,17.21,42.31,13.06,22.46,7.22,19.6,33.42,27,11.42,10.13,10.93,22.08,21.01,27,27-Jan
28-Jan,28,20.1,15.4,27.5,18.7,75.3,30.2,26.1,19.6,29.3,41.6,14.5,20.6,25.7,24.6,18.2,15.5,10.1,18.1,19,22.7,12.8,39.8,7.3,12.6,22.5,13.6,10.2,27.2,20.5,4.2,22.5,28.9,24.9,7.15,15.57,17.83,47.4,13.73,21.55,6.96,12.45,46.22,20.7,8.29,8.94,10.75,28.76,21.25,28,28-Jan
29-Jan,29,22.5,14.9,28.1,20.5,75,31.1,24.2,22.6,30.6,42.4,15.5,20.9,26.5,26.1,17.8,15.9,9.8,17,20.2,24.7,12.9,43,7.9,12.3,16.6,12.7,10.2,24.1,21.8,4.5,24.6,29.2,24.4,7.27,16.67,16.9,52.27,14.06,19.7,5.99,12.38,42.98,22.1,11.91,10.87,11.89,34.41,21.64,29,29-Jan
30-Jan,30,24.9,14.3,28.1,22.3,75.1,32,28.5,25.5,31.4,42.9,16.6,21.2,27.4,27.5,18.1,16.3,9.9,17.4,21.5,24.5,13.9,46,8.6,18.5,20.3,11.8,10.4,21,21,4.9,26.6,29.3,23.8,7.21,17.23,15.94,46.48,14.83,19.64,6.74,11.63,43.05,22.7,10.86,12.73,12.86,26.85,22.25,30,30-Jan
31-Jan,31,22.6,13.4,26.6,24.2,74.8,33,31.2,27.6,32.3,43.6,17.7,21.5,28.2,29,17.8,16.6,10.1,17.6,21,24.3,14.9,49.1,8.6,24.6,24,11.1,10.5,17.9,20.3,5.2,25.5,29.2,22.8,7.48,17.64,14.65,40.56,15.08,26.33,8.92,13.01,36.8,24,10.24,12.28,12.9,33.57,22.54,31,31-Jan
1-Feb,32,20.2,15.6,24.5,26,74.7,33.7,34.1,29.1,33.1,44.2,18.6,21.8,29,30.3,14.4,19.7,10.4,17.2,20.4,27.2,15.2,50.8,8.7,32.2,27.5,10.6,10.7,14.7,19.4,6.1,24.5,29.1,22.1,7.58,17.91,15.24,34.64,15.26,24.85,8.87,20.1,34.91,31.4,6.94,12.46,11.1,46.22,22.98,32,1-Feb
2-Feb,33,18,17,22.5,27.8,74.2,35.5,36.9,30.4,34,44.4,19.4,26.1,29.8,30.6,13.8,21.8,10.6,16.6,20,29.9,14.9,52,8.8,39.6,31.2,9.9,10.8,15.5,20.1,7,23.5,28.6,21.1,7.67,17.98,15.94,27.71,17.45,26.19,8.67,18.2,40.72,33.8,7.93,12.11,17.09,28.72,23.78,33,2-Feb
3-Feb,34,15.8,18.4,20.4,29.5,77.7,36.6,39.8,31.7,34.9,47.5,20.1,29.1,31.4,30.4,13.1,24,10.8,17.5,19.5,32.8,14.6,48.5,8.8,48.9,33.4,9.3,10.5,16.2,20.7,7.9,22,31.7,20,6.99,17.93,16.33,33.01,19.34,27.68,8.71,18.93,55.26,34.2,8.09,14.95,18.04,25.21,25.06,34,3-Feb
4-Feb,35,13.6,19.6,18.4,28.8,80.1,37.7,42.6,33.1,35.5,49.6,20.8,31.9,32.5,30.1,12.4,26.2,11.4,18.2,18.3,28.5,13,44.8,8.8,58,35.6,11.3,10.1,16.9,21.2,8.8,23.2,34,19.3,6.37,17.83,16.7,37.82,21.04,26.6,8.69,16.07,56.27,35.8,9.19,14.53,22.5,24.86,25.73,35,4-Feb
5-Feb,36,11.2,21,16.3,27.9,82.7,39,45.4,34.6,37.7,51.8,21.5,34.7,33.7,29.9,11.7,28.4,12.3,18.5,17,24.1,11.4,48.5,8.8,67.3,37.8,13.2,9.6,18.1,21.8,8.6,24.1,36.4,18.3,5.66,17.58,16.09,42.25,21.96,21.18,9.18,20.89,51.23,26.7,9.46,10.24,33.96,20.56,26.30,36,5-Feb
6-Feb,37,7.4,22.4,14.2,27,85.5,40.1,48.1,35.8,39.4,53.8,22.3,37.5,34.9,29.6,11.1,30.5,12.3,18.2,15.8,23.5,11.6,52.3,8.8,71.2,34.2,15.1,9.6,19.1,19.7,8.3,25,35.6,17.3,4.65,18.83,15.31,38.71,22.66,21.72,6.87,17.22,54.4,30,9.46,12,33.24,19.57,26.57,37,6-Feb
7-Feb,38,9.4,23.7,15.5,26.1,88.3,41.3,50,35.7,41.1,56,23,40.5,36,29.4,10.2,32.7,12.9,17.9,15.4,22.8,11.5,55.8,11.3,75,31.1,14.6,9.5,20.2,17.6,8.1,25.3,34.8,16.3,7.82,19.7,14.16,35.23,22.83,25.14,7.48,16.99,63.97,27.8,6.21,12.59,37.13,23.98,27.31,38,7-Feb
8-Feb,39,10.4,25.2,16.7,25.2,90.9,42.3,51.8,35.6,42.7,58.1,23.6,43.3,37.2,28.9,11.1,32.1,13.4,17.3,15.2,22.1,12.4,59.1,13.4,62,27.5,14.2,9.5,21.3,15.3,8.6,25.5,33.9,16.2,10.48,20.59,17.62,31.4,23.46,25.96,8.56,16.03,61.31,28.2,6.63,17.3,38.99,32.24,27.58,39,8-Feb
9-Feb,40,12.1,26,18,24.2,93.1,41.4,53.7,35.5,44.3,60.2,23.1,40.4,38.3,34.4,11.6,31.3,12.5,16.7,14.5,21.4,12.9,61.2,15.4,46.2,24.2,13.7,9.4,18.9,16.2,9,25.8,32.7,16,13.16,22.75,20.35,26.62,23.09,23.6,7.91,19.38,61.94,34.4,8.32,14.99,42.34,28.09,27.68,40,9-Feb
10-Feb,41,13.8,27,19.4,22.7,89.7,39.9,55.6,35.4,46,58.5,22.5,37.4,37.9,38.8,12.1,30.3,11.3,15.1,13.6,21.1,13.3,67.3,17.4,45.2,23,13.3,9.4,16.5,17,9.5,25.9,30.9,16,13.06,24.47,22.95,23.23,22.61,23.9,7.33,18.67,65.95,39.3,11.71,14.18,44.52,27.71,27.93,41,10-Feb
11-Feb,42,15.4,28,20.8,23,86.8,38.6,57.4,35.3,47.6,56.4,22,34.5,37.3,43,12.7,29.5,10.8,13.4,13.6,20.5,14.4,73.5,18.8,43.6,21.7,13.3,9.3,14.1,17.8,9.9,27.2,29,15.8,12.86,26.22,25.52,19.74,22.1,29.35,7.59,10.95,79.87,39.5,15.54,13.6,51.32,27.58,28.46,42,11-Feb
12-Feb,43,16.4,29,22,22.9,83.8,37.1,59,35.2,45.7,53.9,21.4,31.7,36.7,47.2,13.3,28.6,10.2,14,13.6,19.8,15.6,76.6,20.2,41.6,20.5,13.3,9.2,14.7,18.6,9.5,28.4,27.1,15.6,12.63,27.62,26.36,15.69,21.62,28.56,10.17,9.66,82.23,44.5,18.57,13.55,37.32,24.42,28.28,43,12-Feb
13-Feb,44,14.9,29.8,22.6,22.8,80.7,35.8,65.2,34.7,43.6,51.7,20.9,28.8,36,51.5,13.8,27.8,12.7,15.4,13.5,20,15.8,79.6,21.6,35.2,21.5,13.3,9.6,15.4,18.8,9.1,29.7,27.4,15.4,12.35,30.58,27.03,18.97,21.07,22.92,12.76,11.34,81.07,43.5,23.59,9.84,36.28,31.94,28.39,44,13-Feb
14-Feb,45,15.9,30.2,22.7,22.8,77.6,34.4,69.6,35.8,41.5,49.5,20.1,25.8,35.4,55.8,14.3,26.4,13.9,16.8,13.9,20,15.9,82.7,20.7,28.8,22.5,12.3,10,16,18.9,8.7,33.2,27.7,15,11.84,32.76,27.47,21.7,20.6,16.36,9.14,10.18,65.22,52.2,26.75,9.43,31.61,32.41,28.04,45,14-Feb
15-Feb,46,16.7,32.1,22.6,22.8,74.7,32.1,74.1,36.3,39.6,47.4,19.8,21.6,34.8,60,15.3,27.9,15.1,18.1,14.1,20.1,16.6,72.3,19.5,33.3,23.3,11.3,10.4,16.6,19,9,36.7,28,15.1,11.29,34.59,25.56,24.3,19.77,13.75,8.9,10.32,67.1,51.4,17.39,9.7,28.68,30.34,27.81,46,15-Feb
16-Feb,47,17.5,33.3,22.5,22.7,71.7,38.5,78.3,36.8,37.5,44.9,19.5,20.6,33.9,61.3,16.1,28.5,18.6,19.5,14.5,20.2,17.4,61.3,20.4,37.7,24.4,10.3,10.8,17.3,19.9,9.2,40.1,28.1,15.1,10.61,32.78,23.86,26.9,17.3,17.18,8.87,11.67,70.59,57,16.25,13.18,26.88,30.94,28.29,47,16-Feb
17-Feb,48,18.2,34.5,22.6,22.3,71.9,43.1,82.9,37.4,35.4,41.2,19.2,19.4,35.2,62.2,16.9,29.3,22.1,22.4,14.8,19.6,18.1,56.6,21.2,38.6,28.3,9.3,11.2,17.9,20.8,9.4,43.5,29.2,14.9,12.15,30.91,21.9,25.37,14.73,15.08,7.56,14.34,64.88,63.2,17.14,12.89,22.71,31.53,28.53,48,17-Feb
18-Feb,49,18.9,35.9,22.6,23.8,72.4,47.8,87.3,37.9,32.3,40.2,18.9,18.3,36.2,63,17.7,30,24,25.1,15,18,19.3,52,20,39.6,32,8.5,11.5,18.5,21.6,9.7,41,29.9,14.9,13.5,28.65,19.66,23.76,11.74,12.81,7.51,24.38,72.41,51.7,21.52,11.48,19.86,36.6,28.76,49,18-Feb
19-Feb,50,19.8,37.1,22.4,23.1,72.8,52.6,91.8,38.4,30.2,39.1,18.6,17.2,37.2,63.9,18.4,30.8,25.9,26.9,14.8,16.3,20.3,47.3,18.7,40.7,35.8,7.7,11.9,16.8,22.4,8.4,38.5,30.6,14.9,14.87,26.04,24.86,21.83,11.89,11.51,7.43,12.1,60.18,63.7,15.84,9.37,20.31,47.7,28.51,50,19-Feb
20-Feb,51,20.4,38.4,21.6,22,73.1,57.3,91.8,38.6,28.1,37.9,18.3,16.1,38.3,64.8,19.3,31.4,26.3,24.4,14.6,14.9,23.6,42.6,17.5,32.9,36.2,6.8,12.4,15.2,24.8,7.2,36.1,27.2,14.7,16.15,23.11,29.29,24.73,12.06,11.62,8.61,14.19,59.13,53.7,14.26,9.96,20.53,39.72,28.09,51,20-Feb
21-Feb,52,22.8,39.4,21.7,20.9,73.4,61.9,91.9,37.9,26,36.6,18.1,14.9,39.3,65.7,20,32,27,21.9,14.1,13.1,26.8,36.2,16,25.4,36.6,6.8,13,13.4,27.1,6,34.8,24,14.5,15.65,20.14,33.51,27.06,11.95,13.49,9.65,15.81,39.14,55.6,10.81,9.75,18.55,27.9,27.40,52,21-Feb
22-Feb,53,24.4,38.4,21.3,19.7,73.9,66.6,91.9,37.2,23.9,35.6,17.8,13.2,40.3,66.6,18.5,30.1,27.6,21.6,13.5,12.2,30.2,36.7,14.4,28,36.8,6.7,13.5,11.8,29.5,6.4,33.5,20.2,15.5,15.02,16.56,32.26,29.35,11.96,16.12,7.28,18.4,37.67,61.1,11.52,8.63,25.29,31.4,27.58,53,22-Feb
23-Feb,54,26.2,37.1,21.4,19,73.5,66.2,92.1,36.4,21.8,33.8,17.3,13.6,41.3,66.8,16.9,28.3,27.7,21.2,15.1,11,29.2,36,14.1,30.4,37,6.7,14,11.9,25.2,6.8,32,16.3,16.2,14.04,16.91,30.84,31.57,12.06,22.31,6.4,21.57,29.8,62.6,11.25,8.52,26.01,26.18,27.31,54,23-Feb
24-Feb,55,28,36,21.4,17.7,73.9,65.4,92.2,35.7,19.8,35.3,16.2,13.8,40.9,66.5,15.4,26.4,27.6,21.3,16.6,10.9,28.1,39.2,13.7,28.9,30.9,6.6,14.6,12.1,21,7.3,30.6,17.6,16.9,13.72,17.31,29.19,29.01,12.01,20.82,6.11,21.56,41.42,65.6,12.15,7.43,16.6,27.95,26.99,55,24-Feb
25-Feb,56,29.7,34.7,21.5,17.9,73.3,64.5,92.3,34.9,16.8,36,15,14.1,40.4,66,13.7,24.5,28.5,21.1,19,10.9,29.6,42.1,14.2,27.2,24.8,6.2,15.1,12.3,16.7,7.7,35.2,18.4,16.6,13.38,17.24,26.91,26.8,11.78,15.96,6.08,14.49,52.62,58.4,9.9,6.58,16.21,31.65,26.46,56,25-Feb
26-Feb,57,31.3,33.7,21.1,17.1,73,63.5,92.3,34.2,16.1,36.7,14,14.3,39.8,65.6,12.2,22.6,29.3,22.6,18.5,10.7,31.2,47.9,14.6,25.6,18.4,5.9,15.7,12.2,12.4,8.3,39.8,19.1,16.2,13,17.32,26.42,24.4,11.05,15.31,5.81,13.96,52.94,67.4,9.56,8.76,11.84,40.43,26.38,57,26-Feb
27-Feb,58,33,32.4,18.5,16.2,72.7,62.6,90,33.1,15.5,37.5,12.9,14.5,39.3,65.1,10.6,20.8,29.8,23.3,17.9,10.8,31.6,53.7,14.7,23.9,19.8,5.4,14.3,12.1,13.3,8.8,44.4,18.3,15.8,12.44,16.95,25.42,29.28,10.3,16.27,6.4,13.38,69.25,72.9,9.27,5.73,10.13,45.79,26.75,58,27-Feb
28-Feb,59,30.7,30.7,18.4,15.2,72.5,61.9,88,33.8,14.8,38.2,11.7,14.7,38.7,64.8,8.3,17.7,28.5,23.9,17.7,10.8,32.2,59.3,14.8,21.9,20.7,5.2,13,11.9,14.3,9.4,45.2,17.4,15.3,13.19,16.14,23.87,33.46,9.48,18.26,7.07,10.88,85.34,71.19,8.07,5.72,11.6,41.77,27.18,59,28-Feb
29-Feb,59.5,,,,14.2,,,,34,,,,14.9,,,,17.7,,,,11,,,,19.9,,,,11.8,,,,16.5,,,,22.42,,,,6.49,,,,9.48,,,,16.22,59.5,29-Feb
1-Mar,60,28.7,30.7,18.2,13.4,71.9,60.3,85.7,34.1,14.1,39,10.5,16.7,38.2,63.2,8.3,17.4,27.2,25.1,17.3,11.3,31.4,66.4,14.6,17.5,21.6,5,11.6,10.6,15.2,9.9,46.1,15,17.5,13.7,15.18,20.97,37.47,8.67,18.43,7.05,11.18,78.59,49.17,10.24,7.71,14.12,44.18,26.22,60,1-Mar
2-Mar,61,26.6,28.2,17.9,12.3,71.5,59.6,83.3,34.4,13.4,39.8,10.3,17.7,37.4,62.9,8.1,17.2,25.5,26.1,18,11.4,25.5,73.2,14.6,24.6,22.7,4.7,10.2,9.5,15.3,10.4,46.9,15.1,19.3,14.22,17.18,19.36,42.1,8.46,16.14,7.62,11.86,90.02,48.51,14.33,13.06,14.81,41.4,26.77,61,2-Mar
3-Mar,62,24.4,25,17.7,13.4,68.9,58.6,81.2,34.6,12.8,40.3,10.1,18.8,38.3,62.5,7.8,17,23.8,27.7,18.6,11.3,19.7,75.7,14.4,31.3,19.8,4.5,10.8,8.3,15.4,10.9,47.7,15,21,14.08,18.92,17.29,38.68,8.41,13.69,6.64,17.92,85.97,51.74,14.88,12.68,14.75,40.96,26.59,62,3-Mar
4-Mar,63,22.3,21.8,17.5,14.3,66.7,57.3,79.1,34.8,11.8,40.2,9.9,20,38.8,61.8,7.7,16.8,24.3,28.9,18.3,11.1,19.6,77.8,14.4,38.2,16.9,4.6,11.4,8.3,15.5,11.3,47.7,14.9,21.1,13.93,19.64,17.5,35.22,8.43,11.29,6.42,17.06,92.29,56.2,13.58,13.7,15.91,40.32,26.66,63,4-Mar
5-Mar,64,20.3,18.6,17.3,15.4,64.2,56.2,76.8,34.4,12.3,40.1,9.7,21.1,39.3,61.3,7.5,16.5,24.3,29.4,17,10.7,19.5,78.7,14.5,39.1,14,4.6,12,8.3,15.5,11.7,47.8,14.7,21,13.69,21.41,17.45,31.29,8.31,11.31,12.5,13.97,92.77,61.01,12.28,11.25,15.33,42.38,26.44,64,5-Mar
6-Mar,65,17.4,16.1,16.7,16.5,62.1,54.8,76.2,31.7,12.5,39.9,9.5,22.2,39.8,60.6,7.2,16.2,26,29.9,15.8,10.4,19.2,79.3,14.5,39.8,14.2,4.6,11.8,8.2,14.6,12.1,47.8,14.4,20.8,13.39,27.16,17.18,29.48,8.32,11.33,8.29,14,92,60.67,9.27,10.33,13.56,46.76,26.04,65,6-Mar
7-Mar,66,19,12.9,15.6,17.6,59.8,53.8,75.7,28.9,12.7,39.7,9.3,23.1,40.4,60.2,6.9,16.3,27.1,30.5,13.9,10.2,18.6,79.9,14.1,50.2,14.4,4.1,11.7,8.1,13.6,12.4,47.8,14.1,20.4,13.45,32.28,21.48,27.62,8.32,17.62,6.79,16.26,89.82,48.98,7.61,8.69,10.3,39.6,25.92,66,7-Mar
8-Mar,67,17.4,13.6,14.5,18.4,57.6,51.1,75.3,26.2,13,39.5,8.8,24,40.9,59.4,7.5,16.3,28.3,29.8,11.9,9.9,18.8,66.3,13.9,60.4,14.4,3.6,11.5,7.1,12.6,11.3,47.9,13.7,19.2,13.44,37.19,24.99,25.76,8.32,19.23,5.12,13.41,93.08,35.1,7.35,5.02,12.48,55.83,25.32,67,8-Mar
9-Mar,68,15.1,13.4,13.5,18.6,52.7,51.3,74.6,23.3,13.2,39.1,8.6,24.4,41.3,53.7,7.9,16.3,28.1,29,11.4,9.9,18.6,52.4,13.4,56,14.6,3.1,11.5,6,13.6,10.1,47.9,13.1,18.2,13.44,31.82,28.35,23.62,8.27,13.44,4.18,12.18,92.2,33.15,6.8,4.86,12.33,54.43,24.10,68,9-Mar
10-Mar,69,12.8,14.1,12.4,18.3,50.8,50.9,74.1,20.6,13.4,36.9,8.4,24.8,37.3,47.6,8.3,16.3,28,28.3,10.7,9.8,18.5,44.2,12.9,51.9,14.6,2.6,11.4,4.9,14.5,8.9,48,12.5,16.8,12.84,26.39,31.73,21.38,8.45,13.63,3.68,10.67,76.92,32.8,7.72,8.61,8.87,34.24,22.81,69,10-Mar
11-Mar,70,10.5,14.8,11.3,17.2,48.8,50.5,73.7,17.8,13.6,34.7,8.3,25.2,33.3,41.9,8.8,16.2,27.8,26.8,11,9.6,16.2,36.1,12.4,47.8,14.3,3.1,11.4,5,15.4,7.7,44.5,11.6,17.7,12.27,20.57,27.82,19.96,8.14,12.61,4.77,10.41,79.04,36.49,7.27,9.01,9.13,24.66,21.79,70,11-Mar
12-Mar,71,8.9,15.5,10.3,16,46.8,50.1,72.1,14.1,13.8,32.3,8.1,25.4,29.2,36.2,9.2,16.3,27.5,24.8,11.4,11,13.8,32.4,11.8,39,14.1,3.6,11.3,5,16.4,8.5,40.9,11.9,18.6,11.64,14.02,23.69,18.27,8.42,13.22,3.02,10.22,78.34,37.08,6.07,11.92,9.94,23.02,20.70,71,12-Mar
13-Mar,72,6.6,15.4,8.7,14.7,44.9,49.7,67.4,14.2,14,30.1,7.9,25.8,25.5,30.4,9.6,15.9,27.3,23.4,11.8,12.3,14.1,28.8,11.1,29.9,14.2,4.2,10.7,5.1,14.4,9.2,37.4,12,19.4,10.83,13.25,19.05,17.39,17.46,13.24,2.26,9.88,76.3,32.83,6.08,16.68,10.66,22.25,19.83,72,13-Mar
14-Mar,73,6,11.6,11.1,13.5,42.9,49.3,62.5,14.1,14.1,27.8,7.7,26.2,21.4,24.4,10,15.7,28.5,21.8,11.4,12.3,13.9,23.5,10.7,31.4,14.3,5,10.2,5.1,12.5,9.9,35.3,12.2,20,9.54,12.28,18.51,16.51,17.46,11.79,1.87,9.63,57.26,33.09,6.1,16.62,9.28,22.88,18.61,73,14-Mar
15-Mar,74,5.4,15.1,11,12.5,40.9,48.6,57.8,13.9,14.2,25.7,7.4,26.2,17.4,16.8,10.6,15.4,29.6,19.1,10.9,12.4,14.5,21.7,10.3,32.9,14.2,5.8,9.6,4.5,10.4,10.5,33.3,12.1,18.7,8.13,11.25,17.93,15.62,7.21,12.43,2.03,9.46,54.12,30.53,5.35,14.03,8.83,17.6,17.53,74,15-Mar
16-Mar,75,4.8,15.1,10.3,11.2,38.7,45.5,52.7,13.8,14.3,23.3,6.8,23.7,11.9,16.4,9.9,15.1,29.4,16.4,10.6,12.2,13.3,20.2,10.3,34.2,14.3,6.5,9,3.8,11.3,11.2,30.8,12.3,17.5,6.7,11.15,16.62,14.72,5.6,10.61,2.3,9.47,52.15,28.48,2.92,10.83,10.08,18.65,16.49,75,16-Mar
17-Mar,76,4.3,14.2,9.5,11.3,38.2,42.5,47.9,13.7,14.5,19.9,6.1,21.2,12.7,16.1,8.8,14.8,29.2,14.4,10.2,12,11.9,21,10.3,35.5,14.7,7.3,8.4,3.1,12,11.8,29,12.4,16.1,6.37,11.01,16.01,13.33,5.39,9.96,3.04,10.09,67.13,27.92,1.05,10.14,9.19,17.81,16.21,76,17-Mar
18-Mar,77,3.7,13.3,8.8,11.3,37.4,39.6,43.1,13.6,14.5,20.9,5.5,18.6,13.3,15.8,7.8,14.5,30.1,11.9,9.6,11.8,12,21.9,10.4,36.8,15,6.8,7.7,2.6,12.6,12.4,28.6,12.3,15.3,6.03,10.52,15.99,13.32,5.68,9.15,2.1,11.09,58.35,28.8,1.71,9.29,8.92,16.34,15.66,77,18-Mar
19-Mar,78,3,12.4,8.7,11.4,36.8,36.7,36.5,13.1,14,21.3,4.9,16.2,13.8,15.5,6.7,14.2,30.9,11.6,9.4,11.4,11.9,22,10.4,32.3,15.3,6.2,7.1,2.1,13.4,11.1,28.2,11.8,14.4,5.36,10.54,15.8,13.32,5.13,9.87,0.69,10.37,57.72,28.91,0.83,10.46,11.32,16.52,15.11,78,19-Mar
20-Mar,79,2.6,12.4,7.9,11.4,35.9,33.8,35,12.7,13.5,21.8,4.2,13.6,14.4,15.1,6,13.6,30.3,10.9,9.1,11,11.6,21.9,10.4,27.4,15.6,5.7,6.4,1.3,12.7,9.9,27.5,11.3,13.5,5.13,10.69,15.89,13.13,4.57,9.07,0.53,10.27,55.34,26.94,0.46,11.19,10.84,16.12,14.44,79,20-Mar
21-Mar,80,1.7,11.5,8.5,11.5,35.3,30.8,33.3,12.1,13,22.2,3.6,11.1,15,14.8,4.6,12.9,28.8,10.3,8.5,11.3,11.5,22,9.6,23.9,16.2,5.3,5.7,0.9,12,8.7,27,10.7,12.3,5.12,10.83,15.22,12.95,4.01,8.14,0.38,10.31,50.25,27.69,0.29,11.25,10.89,16.14,13.78,80,21-Mar
22-Mar,81,1.6,13.2,8.8,11.5,34.5,26.4,31.6,11.6,12.5,22.7,2.9,7.5,15.6,14.1,5.7,12.2,27.2,9.9,7.8,11.6,11.2,20.6,8.6,19.8,16.5,4.9,5,1.1,11.2,9.5,26.4,9.9,11.8,5.07,10.98,14.65,12.78,3.46,7.98,0.3,10.39,50.93,29,0.11,6.68,9.69,15.04,13.20,81,22-Mar
23-Mar,82,1.3,14.6,9.1,10.7,33,24.8,30,11,12,22.9,2,9,16.1,13.5,5.5,11.5,26,9.4,7.5,11.5,11.2,19.3,7.3,18.8,16.8,4.4,4.3,1.2,10.4,10.4,25.8,10,11.2,4.97,10.54,13.97,12.55,2.78,7.41,0.29,10.55,47.87,31.22,0.07,6.71,8.45,15.25,12.82,82,23-Mar
24-Mar,83,1.1,16.3,9.4,10.9,33.6,23.1,28.3,10.5,11.5,21.8,1.9,9.9,15.1,13.2,4.9,10.8,24.8,9.8,6.9,11.4,11.1,18.4,6.1,17.6,17.1,4.1,4.2,1.3,9.5,11.3,25.1,10.1,10.5,4.65,10.14,13.28,12.26,2.17,6.68,0.03,9.31,64.26,29.94,0.03,5.91,7.9,14.62,12.79,83,24-Mar
25-Mar,84,0.8,18.1,9.7,10.5,33.7,21.4,26.7,10,10.8,20.5,1.8,9.9,14.1,12.6,4.3,10.1,23.4,10,6.5,11,10.9,17.5,5.6,16.4,17.4,3.7,4,1,8.6,12.1,24.8,10,10.3,4.38,9.52,12.36,10.94,2.43,9.5,0.04,8.46,48.65,24.32,0.02,5.38,9.65,15.07,12.04,84,25-Mar
26-Mar,85,0.5,19.8,10,9.9,33.7,19.6,24.2,9.1,10.9,19.3,1.7,9.8,13.1,12,3.7,9.3,21.7,10,5.9,10.3,10.6,16.9,4.9,16.2,17.7,3.4,3.9,0.8,7.8,10.5,24.4,9.9,10.1,3.56,9.08,10.62,9.36,1.98,11.05,0,7.97,44.59,24.62,0.02,3.76,9.62,14.31,11.47,85,26-Mar
27-Mar,86,0.1,21.2,10.1,9.3,34,17.9,23.4,9.5,11,17.9,1.6,9.7,12.1,11.4,3.4,8.3,20.9,9.4,5.4,9.5,10.3,16.4,4.3,15.8,18,3,3.4,0.6,7.8,9,24.1,9.8,9.9,3.39,7.22,10.6,8.92,1.53,9.94,0,7.17,45.03,23.48,0.02,3.57,7.72,14.02,11.02,86,27-Mar
28-Mar,87,0.1,21.2,11.9,8.8,33.9,16.1,22.4,9.8,11,16.7,1.6,9.6,11.1,11.1,2.7,7.7,20.3,8.9,4.7,8.7,10,15.8,4,15.7,18.5,2.6,3,0.2,7.9,7.5,22.3,9.7,9.5,3.76,5.38,10.67,8.84,1.07,7.61,0,7.47,41.88,21.63,0.02,3.28,7.8,12.34,10.53,87,28-Mar
29-Mar,88,0.1,20.1,13,8.3,34,13.7,21.5,10.1,11.1,14.8,1.5,9.5,10.1,9.5,3.1,7.1,19.5,8.4,3.9,7.8,9.6,15.6,3.7,15.5,18.8,2.1,2.6,0.2,7.9,6.6,20.7,9.5,9.9,4.01,3.38,10.65,8.51,0.62,7.7,0,7.93,33.77,16.63,0.02,4.06,8,13.06,9.89,88,29-Mar
30-Mar,89,0.1,18.4,14,7.7,33.5,13.2,20.5,10.4,11.1,14.7,1.3,9.6,8.7,9.5,2.8,6.5,16.5,7.9,3.6,7.3,9.6,15.7,3.3,15.4,19.1,1.6,2.2,0.1,8.2,5.7,18.9,9.4,10.1,4.22,2.78,10.63,8.18,0.02,8.48,0,7.56,43.32,18.12,0.03,3.6,7.48,13.62,9.80,89,30-Mar
31-Mar,90,0.1,16.5,15,7.5,32.6,12.6,19.7,10.7,11.2,14.5,1.2,9.5,7.9,9.5,3.2,5.9,13.3,7.6,3.1,6.7,9.6,15.3,2.9,15.2,18,1.2,1.7,0.1,8.4,4.7,16.9,9.1,10.3,3.37,2.38,10.47,7.93,0.01,7.97,0,7.7,38.43,19.55,0.03,2.93,6.97,11.51,9.34,90,31-Mar
1-Apr,91,0.1,14.6,16,7.3,31.5,12.1,18.7,11,11.2,14.3,1,9.5,7,9.4,3.5,5.3,11.9,7.1,3,6.1,8.9,15.2,2.6,15,17,0.8,1.3,0.1,8.6,3.6,17.3,8.9,9.8,2.54,1.31,10.45,8.49,0,3.41,0,7.9,39.05,16.7,0.03,2.16,7.35,11.61,8.89,91,1-Apr
2-Apr,92,0.1,12.7,17.1,7.1,30.3,11.5,16.9,11.1,10,14.1,0.9,9.5,6.2,9.4,3.2,4.6,10.4,6.7,2.5,6.1,8.4,14.3,2.3,15.5,15.7,0.5,0.7,0.1,8.8,3.6,17.5,7.8,9.3,1.66,0.92,9.69,5.45,0,8.37,0,6.51,30.56,12.92,0.03,1.67,6.63,11.38,8.25,92,2-Apr
3-Apr,93,0,10.9,18.1,6.9,29.2,10.9,16,10.2,8.9,13.8,0.8,9.5,5.3,9.4,3.6,3.7,9.8,5.4,2.1,6.1,7.6,13.5,1.8,15.9,15.3,0.1,0.6,0,8.9,3.4,17.6,6.7,8.8,0.54,0.71,9.14,4.84,0,7.82,0,5.99,34.05,13.32,0,1.52,5.3,9.89,7.91,93,3-Apr
4-Apr,94,0,8.3,17.2,6.7,28,10.3,15,9.3,7.8,13.7,0.6,9.5,4.5,9.3,3.3,3.2,9.9,4.1,2.1,5.7,6.7,12.5,1.6,15.6,14.8,0.1,0.5,0,9,3.3,17.2,5.5,8.1,0.45,0.5,8.95,4.23,0,6.28,0,5.82,31.18,12.26,0,0.67,5.53,10.83,7.38,94,4-Apr
5-Apr,95,0,7.8,15.7,6.5,26.9,9.7,14.1,8.4,6.6,13.4,0.4,9.5,3.7,9.2,0.2,2.7,9.9,3.9,2,5.1,5.7,12.1,1.5,15.1,14.3,0.1,0.4,0,9.2,3.1,16.8,4.1,7.9,0.38,0.18,8.72,3.62,0,5.4,0,5.89,31.18,11.31,0.21,0.13,4.38,11.27,6.90,95,5-Apr
6-Apr,96,0,7.2,14.2,6.3,24.9,9.4,13.1,7.5,5.5,12.9,0.4,8.6,2.4,7.9,0,2.2,10,3.5,1.7,4.4,4.8,11.9,1,16.9,13.8,0.1,0.2,0,7.8,3,16.3,4.2,7.5,0.34,0.16,8.48,2.9,0,4.46,0,6.04,28.19,13.99,0,0.05,4.51,10.65,6.49,96,6-Apr
7-Apr,97,0,6.6,12.7,5.8,23.1,8.9,12.2,6.6,4.4,12.5,0.5,7.6,2.2,6.7,0,1.7,10,2.8,1.5,4.1,4,11,0.6,18.2,12.9,0.1,0.2,0,6.4,2.8,15.9,4.3,7.2,0.2,0.33,8.24,2.62,0,4.37,0,6.02,26.5,12.84,0,0.02,3.89,10.7,6.06,97,7-Apr
8-Apr,98,0,6,11.1,5.2,21.1,8.4,11.2,5.8,2.8,12,0.5,6.5,2,5.5,0,1.2,10.5,1.6,1.1,3.7,3.4,10.4,0.5,19.4,12,0,0.1,0,4.9,2.5,14.4,4.3,6.2,0.14,0.31,7.9,1.71,0,4.3,0,6.21,29.44,13.92,0,0.06,3.82,9.95,5.70,98,8-Apr
9-Apr,99,0,5.4,9.7,4.7,19,7.9,9.9,4.5,2.4,11.6,0.5,5.9,1.8,4.3,0,0.7,10.8,1.1,1,2.9,2.8,9.7,0.3,17.2,11,0,0,0,3,2.5,12.9,3.8,5.3,0.09,0.37,6.65,1.51,0,4.54,0,6.12,27.24,8.1,0,0.06,4.31,10.36,5.03,99,9-Apr
10-Apr,100,0,4.8,7.6,4.2,17.1,7.3,9.6,4,2,11.1,0.5,5.1,1.6,3,0,0,10.7,1.1,0.9,2,2.4,9.1,0.1,13.9,10.5,0,0,0,2.7,2.3,11.2,3.2,4.2,0.02,0.28,6.14,1.56,0,4.35,0,5.93,23.21,8.28,0,0.03,4.23,8.44,4.48,100,10-Apr
11-Apr,101,0,3.8,7.3,3.7,15.1,6.8,9.3,3.5,1.7,10.6,0.5,4.3,1.4,1.8,0,2.6,9.6,1.1,0.7,1.7,1.7,8.3,0.1,12.7,10.2,0,0,0,2.3,2.1,10.6,2.6,3,0.02,0.18,5.18,1.56,0,2.12,0,5.27,23.16,8.08,0,0.02,4.23,9.27,4.11,101,11-Apr
12-Apr,102,0,4.5,6.9,3.2,13,6.3,9,3,1.3,10.1,0.5,3.3,1.2,0,0,2.6,8.5,1.1,0.6,1.3,1.5,7.2,0,11.3,9.8,0,0,0,1.8,1.9,9.9,1.9,2.4,0.01,0,4.3,1.57,0,0.9,0,4.61,22.66,5.57,0,0,4.13,1.88,3.65,102,12-Apr
13-Apr,103,0,4.5,6.6,2.5,9.9,5.9,8.7,2.5,0.9,9.4,0.5,2.9,0.9,4,0,1.9,8.1,1.1,0.4,1,1.3,6.3,0,11.2,9.2,0,0,0,1.5,1.6,9.2,1.7,1.8,0,0,3.41,1.57,0,0.85,0,4.65,23.52,5.3,0,0,4.36,3.36,3.46,103,13-Apr
14-Apr,104,0,5.1,6.2,2.3,9.1,5.7,8.3,2,0.5,8.9,0.4,2.5,0.8,4,0,1.3,7.7,1,0.3,1.1,1,5.6,0,11.1,8.9,0,0,0,1.2,1.3,8.3,1.5,1.1,0,0,2.47,1.56,0,0.79,0,4.79,20.78,5.06,0,0,4.3,2.76,3.19,104,14-Apr
15-Apr,105,0,5.7,5.8,1.9,8.2,5.4,8.1,1.5,0,8.3,0.4,2.1,0.7,3,0,0.6,6.9,0.9,2,1.1,0.8,4.9,0,10.9,8.6,0,0,0,0.9,0.8,7.2,1.2,0.9,0,0,1.38,1.03,0,0.14,0,4.21,20.97,5.12,0,0,4.65,1.33,2.96,105,15-Apr
16-Apr,106,0,6.3,5.4,1.5,7.4,5,7.5,0.8,0,7.7,0.4,1.6,0.5,2,0,0.6,5.9,0.7,2,1,0.6,3.9,0,10.3,8.2,0,0,0,0.4,0.6,6.1,0.9,0.7,0,0,1.94,0.4,0,0.01,0,4.23,21.08,4.03,0,0,4.06,1.34,2.69,106,16-Apr
17-Apr,107,0,6.3,4.7,1.2,6.5,4.7,7.3,0,0,7.2,0.4,1.2,0.4,1,0,0,5.3,0.6,1.5,0.9,0.6,2.6,0,9.4,7.9,0,0,0,0.2,0.3,5,0.7,0.5,0,0,0.84,0.31,0,0,0,4.3,20.53,3.12,0,0,4.06,1.09,2.38,107,17-Apr
18-Apr,108,0,3.8,5,0.8,5.6,4.5,7,0,0,6.6,0.3,0.8,0.3,1,0,0,4.8,0.6,1,0.8,0.4,1.3,0,10.2,7.6,0,0,0,0.1,0.1,3.8,0.4,0.2,0,0,0.67,0.22,0,0,0,4.16,21.51,2.78,0,0,3.99,0.98,2.18,108,18-Apr
19-Apr,109,0,7,4.8,0.4,4.8,3.3,6.8,0,0,6.1,0.3,0,0.2,0,0,0,4.4,0.4,0.6,0.6,0.4,1,0,10.6,7.3,0,0,0,0,0.1,2.7,0,0.1,0,0,0.53,0.13,0,0,0,3.49,18.38,1.82,0,0,2.27,0.77,1.92,109,19-Apr
20-Apr,110,0,6.6,4.5,0,3.9,2.9,6.6,0,0,5.2,0.3,0,0,0,0,0,3.6,0.3,0.5,0.4,0.3,0.7,0,9.7,6.7,0,0,0,0,0,1.5,0,0.1,0,0,0.36,0.02,0,0,0,2.32,18.48,0.65,0,0,2.25,0.58,1.69,110,20-Apr
21-Apr,111,0,5.1,4.2,0,3.4,2.5,6.3,0,0,4.5,0.2,0,0,0,0,0,2.7,0.2,0,0.4,0.2,0.6,0,8.8,5.2,0,0,0,0,0,0.5,0,0,0,0,0.15,0.02,0,0,0,2.65,19.51,0.65,0,0,2.76,0.38,1.53,111,21-Apr
22-Apr,112,0,3.7,3.9,0,3.1,2.1,6.1,0,0,3.8,0.2,0,0,0.1,0,0,2.3,0.1,0.2,0.3,0.2,0.3,0,7.5,3.6,0,0,0,0,0,0.3,0,0,0,0,0.11,0,0,0,0,2.37,16.51,0.46,0,0,2.74,0.19,1.30,112,22-Apr
23-Apr,113,0,2.3,3.7,0,2.6,1.7,5.5,0,0,3.1,0.1,0,0,0,0,0,1.8,0.1,0.2,0.3,0.1,0.3,0,6.4,1.8,0,0,0,0,0,0.2,0,0,0,0,0.06,0,0,0,0,2.54,15.09,0.21,0,0,2.68,0.16,1.10,113,23-Apr
24-Apr,114,0,1.8,3.2,0,2.1,1.3,4.8,0,0,2.4,0.1,0,0,0,0,0,1.6,0,0.1,0.2,0.1,0.2,0,5,1.8,0,0,0,0,0,0,0,0,0,0,0,0,0,0,0,1.89,17.69,0.36,0,0,2.64,0.07,1.03,114,24-Apr
25-Apr,115,0,0.2,0,0,1.7,0.8,4,0,0,1.7,0.1,0,0,0,0,0,1.2,0,0.1,0.1,0,0,0,4.7,1.8,0,0,0,0,0,0,0,0,0,0,0,0,0,0,0,1.4,17.49,0.29,0,0,2.59,0,0.83,115,25-Apr
26-Apr,116,0,0.7,0,0,1.3,0.2,3.3,0,0,0.8,0,0,0,0,0,0,0.8,0,0.1,0.1,2,0,0,4.2,1.8,0,0,0,0,0,0,0,0,0,0,0,0,0,0,0,1.11,17.04,0.29,0,0,2.26,0.01,0.78,116,26-Apr
27-Apr,117,0,0.6,0,0,0,0.2,2.6,0,0,0.7,0,4,0,0,0,0,0.7,0,0.1,0,2,0,0,3.5,1.7,0,0,0,0,0,0,0,0,0,0,0,0,0,0,0,1.15,15.14,0.04,0,0,1.4,0,0.74,117,27-Apr
28-Apr,118,0,1.1,0,0,0,0.2,1.8,0,0,0.6,0,4,0,0,0,0,0.6,0,0,0,1.5,0,0,2.7,1.3,0,0,0,0,0,0,0,0,0,0,0,0,0,0,0,0.54,10.18,0.02,0,0,0.82,0,0.55,118,28-Apr
29-Apr,119,0,1.6,0,0,0,0.1,1.1,0,0,0.5,0,3,0,0,0,0,0.4,0,0,0,1,0,0,1.7,0.9,0,0,0,0,0,0,0,0,0,0,0,0,0,0,0,0.33,10.64,0.01,0,0,0.73,0,0.48,119,29-Apr
30-Apr,120,0,2,0,0,0,0.1,0,0,0,0.4,0,2,0,0,0,0,0.3,0,0,0,0.5,0,0,1.4,0.3,0,0,0,0,0,0,0,0,0,0,0,0,0,0,0,0.14,9.6,0.02,0,0,0.58,0,0.38,120,30-Apr
1-May,121,0,2,0,0,0,0.1,0,0,0,0.4,0,1,0,0,0,0,0.1,0,0,0,0.5,0,0,0.9,0.3,0,0,0,0,0,0,0,0,0,0,0,0,0,0,0,0.05,6.45,0.02,0,0,0.59,0,0.27,121,1-May
2-May,122,0,0,0,0,0,0,0,0,0,0.3,0,1,0,0,0,0,0.1,0,0,0,0,0,0,0.7,0.3,0,0,0,0,0,0,0,0,0,0,0,0,0,0,0,0,7.4,0.01,0,0,0.21,0,0.22,122,2-May
3-May,123,0,0,0,0,0,0,0,0,0,0.2,0,0,0,0,0,0,0,0,0,0,0,2,0,0.5,0.2,0,0,0,0,0,0,0,0,0,0,0,0,0,0,0,0,7.35,0.01,0,0,0.44,0,0.23,123,3-May
4-May,124,0,0,0,0,0,0,0,0,0,0.1,0,0,0,0,0,0,0,0,0,2,0,2,0,0.5,0.2,0,0,0,0,0,0,0,0,0,0,0,0,0,0,0,0,6.86,0,0,0,0.16,0,0.26,124,4-May
5-May,125,0,0,0,0,0,0,0,0,0,0,0,0,0,0,0,0,0,0,0,2,0,1.5,0,0.4,0.1,0,0,0,0,0,0,0,0,0,0,0,0,0,0,0,0,3.39,0,0,0,0.03,0,0.16,125,5-May
6-May,126,0,0,0,0,0,0,0,0,0,0,0,0,0,0,0,0,0,0,0,1.5,0,1,0,0.4,0.1,0,0,0,0,0,0,0,0,0,0,0,0,0,0,0,0,2.92,0,0,0,0,0,0.13,126,6-May
7-May,127,0,0,0,0,0,0,0,0,0,0,0,0,0,0,0,0,0,0,0,1,0,0.5,0,0.4,0,0,0,0,0,0,0,0,0,0,0,0,0,0,0,0,0,4.14,0,0,0,0,0,0.13,127,7-May
8-May,128,0,0,0,0,0,0,0,0,0,0,0,0,0,0,0,0,0,0,0,0.5,0,0.5,0,0.3,0,0,0,0,0,0,0,0,0,0,0,0,0,0,0,0,0,1.82,0,0,0,0,0,0.07,128,8-May
9-May,129,0,0,0,0,0,0,0,0,0,0,0,0,0,0,0,0,0,0,0,0.5,0,0,0,0.3,0,0,0,0,0,0,0,0,0,0,0,0,0,0,0,0,0,1.13,0,0,0,0,0,0.04,129,9-May
10-May,130,0,0,0,0,0,0,0,0,0,0,0,0,0,0,0,0,0,0,0,0,0,0,0,0.2,0,0,0,0,0,0,0,0,0,0,0,0,0,0,0,0,0,0.98,0,0,0,0,0,0.03,130,10-May
11-May,131,0,0,0,0,0,0,0,0,0,0,0,0,0,0,0,0,0,0,0,0,0,0,0,0.1,0,0,0,0,0,0,0,0,0,0,0,0,0,0,0,0,0,0.17,0,0,0,0,0,0.01,131,11-May
12-May,132,0,0,0,0,0,0,0,0,0,0,0,0,0,0,0,0,0,0,0,0,0,0,0,0.1,0,0,0,0,0,0,0,0,0,0,0,0,0,0,0,0,0,0,0,0,0,0,0,0.00,132,12-May
13-May,133,0,0,0,0,0,0,0,0,0,0,0,0,0,0,0,0,0,0,0,0,0,0,0,0,0,0,0,0,0,0,0,0,0,0,0,0,0,0,0,0,0,0,0,0,0,0,0,0.00,133,13-May
14-May,134,0,0,0,0,0,0,0,0,0,0,0,0,0,0,0,0,0,0,0,0,0,0,0,0,0,0,0,0,0,0,0,0,0,0,0,0,0,0,0,0,0,0,0,0,0,0,0,0.00,134,14-May
15-May,135,0,0,0,0,0,0,0,0,0,0,0,0,0,0,0,0,0,0,0,0,0,0,0,0,0,0,0,0,0,0,0,0,0,0,0,0,0,0,0,0,0,0,0,0,0,0,0,0.00,135,15-May
16-May,136,0,0,0,0,0,0,0,0,0,0,0,0,0,0,0,0,0,0,0,0,0,0,0,0,0,0,0,0,0,0,0,0,0,0,0,0,0,0,0,0,0,0,0,0,0,0,0,0.00,136,16-May
17-May,137,0,0,0,0,0,0,0,0,0,0,0,0,0,0,0,0,0,0,0,0,0,0,0,0,0,0,0,0,0,0,0,0,0,0,0,0,0,0,0,0,0,0,0,0,0,0,,0.00,137,17-May
18-May,138,0,0,0,0,0,0,0,0,0,0,0,0,0,0,0,0,0,0,0,0,0,0,0,0,0,0,0,0,0,0,0,0,0,0,0,0,0,0,0,0,0,0,0,0,0,0,,0.00,138,18-May
19-May,139,0,0,0,0,0,0,0,0,0,0,0,0,0,0,0,0,0,0,0,0,0,0,0,0,0,0,0,0,0,0,0,0,0,0,0,0,0,0,0,0,0,0,0,0,0,0,,0.00,139,19-May
20-May,140,0,0,0,0,0,0,0,0,0,0,0,0,0,0,0,0,0,0,0,0,0,0,0,0,0,0,0,0,0,0,0,0,0,0,0,0,0,0,0,0,0,0,0,0,0,0,,0.00,140,20-May
21-May,141,0,0,0,0,0,0,0,0,0,0,0,0,0,0,0,0,0,0,0,0,0,0,0,0,0,0,0,0,0,0,0,0,0,0,0,0,0,0,0,0,0,0,0,0,0,0,,0.00,141,21-May
22-May,142,0,0,0,0,0,0,0,0,0,0,0,0,0,0,0,0,0,0,0,0,0,0,0,0,0,0,0,0,0,0,0,0,0,0,0,0,0,0,0,0,0,0,0,0,0,0,,0.00,142,22-May
23-May,143,0,0,0,0,0,0,0,0,0,0,0,0,0,0,0,0,0,0,0,0,0,0,0,0,0,0,0,0,0,0,0,0,0,0,0,0,0,0,0,0,0,0,0,0,0,0,,0.00,143,23-May
24-May,144,0,0,0,0,0,0,0,0,0,0,0,0,0,0,0,0,0,0,0,0,0,0,0,0,0,0,0,0,0,0,0,0,0,0,0,0,0,0,0,0,0,0,0,0,0,0,,0.00,144,24-May
25-May,145,0,0,0,0,0,0,0,0,0,0,0,0,0,0,0,0,0,0,0,0,0,0,0,0,0,0,0,0,0,0,0,0,0,0,0,0,0,0,0,0,0,0,0,0,0,0,,0.00,145,25-May
26-May,146,0,0,0,0,0,0,0,0,0,0,0,0,0,0,0,0,0,0,0,0,0,0,0,0,0,0,0,0,0,0,0,0,0,0,0,0,0,0,0,0,0,0,0,0,0,0,,0.00,146,26-May
27-May,147,0,0,0,0,0,0,0,0,0,0,0,0,0,0,0,0,0,0,0,0,0,0,0,0,0,0,0,0,0,0,0,0,0,0,0,0,0,0,0,0,0,0,0,0,0,0,,0.00,147,27-May
28-May,148,0,0,0,0,0,0,0,0,0,0,0,0,0,0,0,0,0,0,0,0,0,0,0,0,0,0,0,0,0,0,0,0,0,0,0,0,0,0,0,0,0,0,0,0,0,0,,0.00,148,28-May
29-May,149,0,0,0,0,0,0,0,0,0,0,0,0,0,0,0,0,0,0,0,0,0,0,0,0,0,0,0,0,0,0,0,0,0,0,0,0,0,0,0,0,0,0,0,0,0,0,,0.00,149,29-May
30-May,150,0,0,0,0,0,0,0,0,0,0,0,0,0,0,0,0,0,0,0,0,0,0,0,0,0,0,0,0,0,0,0,0,0,0,0,0,0,0,0,0,0,0,0,0,0,0,,0.00,150,30-May
31-May,151,0,0,0,0,0,0,0,0,0,0,0,0,0,0,0,0,0,0,0,0,0,0,0,0,0,0,0,0,0,0,0,0,0,0,0,0,0,0,0,0,0,0,0,0,0,0,,0.00,151,31-May
,,,,,,,,,,,,,,,,,,,,,,,,,,,,,,,,,,,,,,,,,,,,,,,,,#DIV/0!,,
,,,,,,,,,,,,,,,,,,,,,,,,,,,,,,,,,,,,,,,,,,,,,,,,,#DIV/0!,,
,,,,,,,,,,,,,,,,,,,,,,,,,,,,,,,,,,,,,,,,,,,,,,,,,#DIV/0!,,
